Num_Acc;id_vehicule;num_veh;senc;catv;obs;obsm;choc;manv;motor;occutc
201900000117;138 306 316;A01;1;7;0;2;7;15;1;
201900000117;138 306 317;B01;2;34;0;2;1;1;1;
201900000190;138 306 165;B01;2;7;0;2;1;17;1;
201900000190;138 306 166;A01;1;7;0;2;3;1;1;
201900000213;138 306 127;A01;2;7;0;1;2;1;1;
201900000628;138 305 399;B01;2;7;0;0;7;15;1;
201900000628;138 305 400;A01;1;2;0;2;1;1;1;
201900000724;138 305 216;A01;1;0;0;1;0;0;0;
201900001134;138 304 471;B01;1;7;0;2;1;1;1;
201900001134;138 304 472;A01;0;7;0;2;7;1;1;
201900001135;138 304 467;A01;1;7;0;6;2;14;0;
201900001135;138 304 468;B01;1;2;0;2;8;0;0;
201900001136;138 304 465;A01;2;7;0;2;1;15;1;
201900001136;138 304 466;B01;1;34;0;2;1;1;1;
201900002281;138 302 270;C01;2;7;0;2;3;1;1;
201900002281;138 302 271;B01;1;7;0;2;1;1;4;
201900002281;138 302 272;A01;1;7;0;2;1;1;4;
201900002282;138 302 268;B01;1;32;0;2;0;0;1;
201900002282;138 302 269;Z01;1;7;0;2;0;0;6;
201900002442;138 301 961;A01;1;7;0;1;2;2;1;
201900002604;138 301 647;A01;1;30;0;2;1;18;1;
201900002604;138 301 648;B01;1;7;0;2;7;0;1;
201900002605;138 301 644;A01;1;7;0;1;0;1;0;
201900002628;138 301 602;B01;1;1;0;2;4;1;5;
201900002628;138 301 603;A01;1;7;0;2;1;1;0;
201900003363;138 300 196;B01;0;2;0;9;0;0;1;
201900003363;138 300 197;A01;3;1;0;2;0;0;0;
201900003538;138 299 863;A01;0;7;0;2;2;16;6;
201900003538;138 299 864;B01;0;30;0;2;8;1;6;
201900003590;138 299 770;A01;3;7;0;2;1;9;1;
201900003590;138 299 771;B01;3;1;0;2;7;1;5;
201900003591;138 299 768;A01;1;7;0;9;3;9;1;
201900003591;138 299 769;B01;1;1;0;2;0;5;5;
201900003807;138 299 376;A01;2;2;16;0;1;1;1;
201900003807;138 299 377;B01;1;7;0;9;8;14;1;
201900003920;138 299 165;A01;0;30;0;2;1;1;6;
201900003921;138 299 163;B01;1;2;0;2;1;1;1;
201900003921;138 299 164;A01;1;7;0;2;6;9;1;
201900004169;138 298 689;A01;1;30;0;0;0;26;0;
201900004492;138 298 040;A01;1;10;0;2;2;1;1;
201900004492;138 298 041;B01;1;7;0;2;9;16;1;
201900004492;138 298 042;C01;1;7;0;2;6;1;1;
201900004493;138 298 038;A01;1;33;0;2;1;2;1;
201900004493;138 298 039;B01;1;7;0;2;5;15;1;
201900004494;138 298 037;A01;1;1;0;1;1;1;0;
201900004495;138 298 035;A01;1;7;0;2;6;15;1;
201900004495;138 298 036;B01;1;34;0;2;1;1;1;
201900004496;138 298 033;B01;2;2;0;0;2;0;1;
201900004496;138 298 034;A01;2;7;0;2;0;4;1;
201900004497;138 298 032;A01;1;7;0;1;1;1;1;
201900004498;138 298 030;B01;3;2;0;2;1;1;1;
201900004498;138 298 031;Z01;3;7;0;2;0;15;0;
201900004499;138 298 028;B01;1;7;0;2;3;1;1;
201900004499;138 298 029;A01;1;2;0;2;1;13;1;
201900004500;138 298 026;B01;3;1;0;2;8;25;0;
201900004500;138 298 027;A01;3;7;0;2;1;1;1;
201900006592;138 294 095;A01;1;7;0;2;2;15;1;
201900006592;138 294 096;B01;1;7;0;2;1;1;1;
201900006685;138 293 934;B01;0;1;0;2;8;19;5;
201900006685;138 293 935;A01;1;7;0;9;1;1;1;
201900006686;138 293 932;B01;3;2;1;0;1;1;1;
201900006686;138 293 933;A01;3;7;0;0;4;20;1;
201900006740;138 293 839;B01;1;7;0;2;4;15;6;
201900006740;138 293 840;A01;1;30;0;2;4;1;6;
201900006957;138 293 453;B01;0;32;0;2;1;0;0;
201900006957;138 293 454;A01;1;7;0;2;7;1;0;
201900007034;138 293 314;B01;1;2;0;2;1;1;0;
201900007034;138 293 315;A01;1;7;0;2;7;1;0;
201900007093;138 293 213;A01;1;7;0;1;7;1;1;
201900007094;138 293 211;A01;2;1;0;2;0;19;0;
201900007094;138 293 212;B01;1;7;0;2;1;1;0;
201900007095;138 293 209;Z01;1;7;0;2;0;0;0;
201900007095;138 293 210;B01;1;7;0;2;7;1;0;
201900007096;138 293 207;A01;2;7;0;2;3;19;1;
201900007096;138 293 208;B01;1;30;0;2;1;1;1;
201900007097;138 293 205;A01;1;7;0;0;1;0;6;
201900007097;138 293 206;B01;1;1;0;2;0;0;0;
201900007098;138 293 203;A01;1;32;0;2;3;15;0;
201900007098;138 293 204;B01;1;31;0;2;7;1;0;
201900007449;138 292 521;B01;1;7;0;0;0;1;1;
201900007449;138 292 522;A01;1;7;0;1;2;14;1;
201900007450;138 292 519;B01;2;33;8;2;8;1;1;
201900007450;138 292 520;A01;1;7;8;2;1;15;1;
201900007475;138 292 467;A01;1;7;0;2;2;9;1;
201900007475;138 292 468;B01;1;33;0;2;1;1;1;
201900007550;138 292 313;B01;3;2;0;2;1;9;0;
201900007550;138 292 314;A01;0;7;0;2;7;1;0;
201900007551;138 292 311;A01;1;7;0;1;3;1;1;
201900007551;138 292 312;B01;1;7;0;1;0;1;1;
201900007676;138 292 099;A01;2;7;0;1;2;2;1;
201900007721;138 292 000;B01;0;2;0;2;4;1;6;
201900007721;138 292 001;A01;0;7;0;2;3;15;6;
201900008287;138 291 016;B01;1;7;0;2;3;0;1;
201900008287;138 291 017;A01;2;7;0;2;3;13;1;
201900008598;138 290 419;B01;1;2;0;2;4;1;1;
201900008598;138 290 420;A01;1;7;0;2;1;1;1;
201900008599;138 290 417;B01;1;10;0;2;1;1;1;
201900008599;138 290 418;A01;2;7;0;2;1;13;1;
201900008713;138 290 220;C01;2;7;0;2;1;1;1;
201900008713;138 290 221;B01;2;14;0;0;0;17;1;
201900008713;138 290 222;A01;2;7;0;0;4;1;1;
201900008714;138 290 218;B01;1;7;0;0;4;23;1;
201900008714;138 290 219;A01;1;7;0;2;1;2;1;
201900008715;138 290 216;B01;1;1;0;2;1;5;5;
201900008715;138 290 217;A01;2;7;1;0;2;1;1;
201900009006;138 289 674;A01;0;7;0;0;3;0;0;
201900009006;138 289 675;B01;0;2;0;2;1;0;0;
201900009007;138 289 672;B01;1;2;0;2;2;1;1;
201900009007;138 289 673;A01;3;7;0;2;1;16;1;
201900009008;138 289 670;B01;3;1;0;2;3;5;5;
201900009008;138 289 671;A01;3;7;0;2;1;1;1;
201900009446;138 288 839;B01;2;7;0;2;6;15;1;
201900009446;138 288 840;A01;2;7;0;2;1;17;1;
201900009492;138 288 751;A01;2;7;0;1;1;19;0;
201900009639;138 288 481;A01;1;7;3;0;0;1;6;
201900009852;138 288 118;A01;3;2;0;2;3;1;1;
201900009852;138 288 119;B01;3;10;0;2;7;26;1;
201900009887;138 288 054;A01;2;7;0;1;3;1;1;
201900009888;138 288 052;B01;1;7;0;2;1;1;1;
201900009888;138 288 053;A01;2;7;0;2;1;13;1;
201900009889;138 288 050;B01;2;1;0;2;9;13;5;
201900009889;138 288 051;A01;2;7;0;2;2;17;1;
201900009890;138 288 048;B01;1;1;0;2;4;13;0;
201900009890;138 288 049;A01;1;10;0;2;7;2;0;
201900010160;138 287 551;B01;1;7;0;2;3;9;1;
201900010160;138 287 552;A01;1;2;0;2;1;1;1;
201900011117;138 285 847;A01;1;7;0;0;4;23;1;
201900011117;138 285 848;B01;1;7;0;2;1;1;1;
201900011117;138 285 849;C01;1;7;0;2;1;1;1;
201900011169;138 285 755;B01;1;50;0;2;1;2;3;
201900011169;138 285 756;A01;1;10;0;1;4;1;0;
201900011182;138 285 732;B01;1;32;0;2;3;0;0;
201900011182;138 285 733;A01;2;7;1;2;2;15;0;
201900011499;138 285 121;A01;1;2;1;0;3;2;0;
201900011499;138 285 122;B01;1;7;0;2;4;23;0;
201900012070;138 283 995;A01;3;3;0;1;2;1;1;
201900012333;138 283 542;B01;2;7;0;2;8;1;1;
201900012333;138 283 543;A01;1;7;0;2;3;13;1;
201900012346;138 283 518;B01;2;7;0;2;2;21;1;
201900012346;138 283 519;A01;1;7;0;2;6;17;1;
201900013053;138 282 178;A01;1;2;0;2;1;2;1;
201900013053;138 282 179;B01;1;10;0;0;5;2;1;
201900013464;138 281 388;C01;1;2;0;2;1;1;1;
201900013464;138 281 389;B01;1;7;0;2;5;17;1;
201900013464;138 281 390;A01;1;7;0;2;4;16;1;
201900013849;138 280 634;B01;1;33;0;2;1;1;1;
201900013849;138 280 635;A01;1;10;0;2;3;10;1;
201900013850;138 280 632;B01;1;33;0;0;0;3;1;
201900013850;138 280 633;A01;1;10;0;0;0;11;1;
201900013851;138 280 630;A01;1;38;0;2;7;17;1;1
201900013851;138 280 631;B01;1;1;0;0;0;0;5;
201900014101;138 280 211;A01;1;7;8;0;1;0;1;
201900014102;138 280 208;A01;1;7;0;1;2;1;0;
201900014510;138 279 327;B01;0;1;0;2;8;19;6;
201900014510;138 279 328;A01;0;7;0;2;1;15;0;
201900014511;138 279 325;A01;0;2;0;2;1;1;1;
201900014511;138 279 326;B01;0;13;0;2;8;1;0;
201900014512;138 279 323;A01;0;7;0;2;1;16;1;
201900014512;138 279 324;B01;1;2;0;2;8;1;0;
201900014616;138 279 123;C01;1;7;0;1;5;23;0;
201900014616;138 279 124;B01;1;7;0;2;4;1;0;
201900014616;138 279 125;A01;1;7;0;2;1;1;0;
201900014743;138 278 892;A01;2;7;0;2;3;15;1;
201900014743;138 278 893;B01;1;31;0;2;1;17;1;
201900014780;138 278 810;A01;1;2;0;2;1;1;0;
201900014781;138 278 808;B01;3;7;0;2;2;1;0;
201900014781;138 278 809;A01;3;7;0;2;5;4;0;
201900014845;138 278 695;A01;1;30;0;2;1;1;0;
201900014845;138 278 696;B01;1;7;0;2;2;16;0;
201900014956;138 278 497;B01;1;7;0;0;3;1;1;
201900014956;138 278 498;A01;2;7;0;2;3;1;1;
201900014957;138 278 495;B01;2;7;0;2;3;1;1;
201900014957;138 278 496;A01;1;7;0;2;3;17;1;
201900015062;138 278 312;A01;1;7;0;1;2;19;1;
201900015131;138 278 180;A01;0;2;0;1;3;1;1;
201900015269;138 277 922;B01;1;2;0;2;1;1;0;
201900015269;138 277 923;A01;1;7;0;2;3;15;0;
201900015270;138 277 920;A01;1;7;0;2;0;15;0;
201900015270;138 277 921;B01;1;7;0;2;1;1;0;
201900015486;138 277 533;B01;1;7;0;2;8;15;1;
201900015486;138 277 534;A01;1;33;0;2;8;17;1;
201900015487;138 277 530;B01;1;7;0;0;0;0;1;
201900015487;138 277 531;A01;2;2;0;2;1;1;1;
201900016149;138 276 350;B01;2;1;0;2;4;0;5;
201900016149;138 276 351;A01;2;7;0;9;2;1;1;
201900016512;138 275 585;B01;1;30;0;2;5;2;1;
201900016512;138 275 586;A01;1;7;0;2;2;17;1;
201900016583;138 275 442;A01;1;7;0;2;1;15;0;
201900016583;138 275 443;B01;1;2;0;2;1;1;0;
201900016780;138 275 085;A01;1;7;0;0;3;23;1;
201900016780;138 275 086;B01;2;2;14;0;1;26;1;
201900016788;138 275 071;A01;2;10;3;0;0;0;1;
201900017189;138 274 283;B01;3;1;0;2;6;0;5;
201900017189;138 274 284;A01;3;7;0;9;2;1;1;
201900017377;138 273 919;A01;2;7;0;2;7;15;1;
201900017377;138 273 920;B01;1;34;0;2;1;18;1;
201900017437;138 273 805;A01;1;2;12;0;1;1;1;
201900017553;138 273 607;A01;2;7;17;0;1;1;0;
201900017566;138 273 582;A01;1;7;0;2;5;15;1;
201900017566;138 273 583;B01;2;33;0;2;1;1;1;
201900017567;138 273 581;A01;2;7;6;0;1;13;1;
201900017753;138 273 238;A01;3;30;0;0;0;0;6;
201900017957;138 272 846;B01;3;2;0;2;2;15;1;
201900017957;138 272 847;A01;3;7;0;2;3;1;1;
201900018068;138 272 633;A01;3;30;0;1;1;1;1;
201900018069;138 272 629;B01;0;7;0;2;3;1;1;
201900018069;138 272 630;A01;0;7;0;2;1;1;1;
201900018070;138 272 627;A01;1;7;0;2;5;14;1;
201900018070;138 272 628;B01;1;7;0;2;0;18;1;
201900018071;138 272 623;A01;2;7;0;2;5;21;1;
201900018071;138 272 624;B01;2;2;0;2;1;1;1;
201900018072;138 272 618;Z01;1;2;0;1;0;0;0;
201900018073;138 272 616;Z01;3;32;0;2;1;15;0;
201900018073;138 272 617;B01;2;7;0;6;8;1;0;
201900018074;138 272 615;A01;1;7;0;1;1;1;1;
201900018075;138 272 613;B01;0;7;0;2;1;1;1;
201900018075;138 272 614;A01;0;7;0;2;7;1;1;
201900018076;138 272 609;D01;1;7;0;2;4;23;1;
201900018076;138 272 610;C01;1;7;0;2;4;23;1;
201900018076;138 272 611;B01;1;7;0;2;4;23;1;
201900018076;138 272 612;A01;1;7;0;2;1;1;1;
201900018077;138 272 607;B01;1;7;0;2;1;26;0;
201900018077;138 272 608;A01;2;7;0;2;1;1;0;
201900018078;138 272 603;A01;1;30;0;2;1;1;1;
201900018078;138 272 604;B01;1;7;0;2;3;9;1;
201900018079;138 272 600;C01;1;7;0;2;1;1;1;
201900018079;138 272 601;B01;1;2;0;2;1;17;1;
201900018079;138 272 602;A01;1;7;0;2;1;15;1;
201900018080;138 272 598;B01;1;7;0;2;8;1;1;
201900018080;138 272 599;A01;1;2;0;2;9;1;1;
201900018081;138 272 596;B01;1;30;0;2;4;15;0;
201900018081;138 272 597;A01;1;30;0;2;1;13;0;
201900018082;138 272 594;A01;0;2;0;2;1;16;1;
201900018082;138 272 595;B01;0;7;0;0;2;1;1;
201900018083;138 272 590;B01;3;30;0;2;1;1;0;
201900018083;138 272 591;A01;3;7;0;2;4;10;0;
201900018619;138 271 622;A01;1;7;0;2;1;9;1;
201900018619;138 271 623;B01;1;2;0;2;3;1;1;
201900018620;138 271 620;B01;1;1;0;9;7;15;5;
201900018620;138 271 621;A01;1;32;0;9;1;1;0;
201900018621;138 271 618;A01;1;7;0;2;5;9;1;
201900018621;138 271 619;B01;1;1;0;2;0;1;5;
201900018954;138 271 032;A01;3;7;0;2;3;13;1;
201900018954;138 271 033;B01;3;2;0;2;1;17;1;
201900019041;138 270 869;B01;1;10;0;2;3;0;6;
201900019041;138 270 870;A01;2;14;13;2;1;13;6;
201900019090;138 270 768;A01;1;30;0;2;1;17;1;
201900019090;138 270 769;B01;1;7;0;2;3;17;1;
201900019159;138 270 619;A01;1;10;0;2;3;1;0;
201900019159;138 270 620;B01;1;2;0;2;1;23;0;
201900019297;138 270 366;A01;1;7;0;1;3;17;1;
201900019639;138 269 717;B01;1;7;0;2;0;14;1;
201900019639;138 269 718;A01;1;33;0;2;0;1;1;
201900020078;138 268 837;A01;1;7;0;2;7;19;1;
201900020078;138 268 838;B01;2;33;0;2;1;1;0;
201900020104;138 268 799;A01;3;7;0;2;2;15;0;
201900020104;138 268 800;B01;3;2;0;2;1;1;0;
201900020105;138 268 798;E01;1;30;0;0;0;12;1;
201900020309;138 268 434;B01;2;1;0;2;6;0;5;
201900020309;138 268 435;A01;2;7;0;9;2;2;1;
201900020386;138 268 290;A01;1;7;0;2;7;16;6;
201900020386;138 268 291;B01;1;2;0;2;8;2;0;
201900020387;138 268 289;Z01;1;34;0;1;0;1;0;
201900020509;138 268 061;A01;1;7;0;0;2;1;1;
201900020509;138 268 062;B01;1;1;0;2;1;0;5;
201900020533;138 268 013;A01;1;33;3;2;9;1;1;
201900020600;138 267 895;A01;1;7;0;1;2;1;1;
201900020720;138 267 658;B01;0;7;0;2;1;15;1;
201900020720;138 267 659;A01;0;30;0;2;1;17;1;
201900020721;138 267 657;A01;1;30;14;1;1;1;1;
201900020722;138 267 655;A01;1;1;0;2;7;19;5;
201900020722;138 267 656;B01;1;2;0;2;1;1;1;
201900020855;138 267 428;A01;2;7;0;0;1;17;1;
201900020855;138 267 429;B01;1;7;0;2;1;1;1;
201900020856;138 267 425;A01;2;7;0;2;1;1;1;
201900020856;138 267 426;B01;2;7;0;2;4;1;1;
201900020856;138 267 427;C01;2;7;0;1;0;0;1;
201900020941;138 267 263;B01;2;7;3;2;1;1;1;
201900020941;138 267 264;A01;1;38;0;2;3;1;1;1
201900021222;138 266 707;B01;0;1;0;2;4;15;0;
201900021222;138 266 708;A01;1;7;0;2;3;16;1;
201900021578;138 266 047;A01;3;33;8;0;1;1;1;
201900021591;138 266 018;A01;2;7;0;0;8;0;0;
201900022021;138 265 156;B01;3;1;0;2;9;1;0;
201900022021;138 265 158;A01;3;7;0;2;7;2;0;
201900022022;138 265 153;A01;1;7;0;2;3;10;0;
201900022022;138 265 154;B01;1;2;0;2;1;1;0;
201900022024;138 265 149;B01;1;30;0;2;1;1;1;
201900022024;138 265 151;A01;1;30;0;2;1;10;1;
201900022027;138 265 144;B01;1;7;0;2;8;15;1;
201900022027;138 265 146;A01;1;31;0;2;2;17;1;
201900022221;138 264 795;A01;3;2;0;1;8;0;1;
201900022247;138 264 743;A01;2;7;0;2;1;19;1;
201900022247;138 264 744;D01;1;7;0;2;7;1;1;
201900022247;138 264 745;C01;2;7;0;2;3;1;1;
201900022247;138 264 746;B01;1;7;0;2;3;1;1;
201900022557;138 264 168;A01;1;2;3;9;0;0;1;
201900022564;138 264 156;A01;1;7;0;2;8;1;0;
201900022564;138 264 157;B01;2;7;0;2;3;13;0;
201900022840;138 263 627;B01;1;33;0;2;1;17;0;
201900022840;138 263 628;A01;1;7;0;2;3;15;1;
201900022845;138 263 617;B01;1;7;0;2;6;1;1;
201900022845;138 263 618;A01;1;7;0;2;2;17;1;
201900023001;138 263 304;B01;1;7;0;2;8;1;1;
201900023001;138 263 305;A01;1;7;0;0;0;0;0;
201900023002;138 263 302;B01;2;3;0;2;8;1;0;
201900023002;138 263 303;A01;2;14;0;2;2;15;1;
201900023003;138 263 300;A01;1;7;0;2;6;13;1;
201900023003;138 263 301;B01;1;7;0;2;3;1;1;
201900023162;138 263 005;A01;0;7;0;2;1;1;1;
201900023162;138 263 006;C01;0;1;0;2;8;1;5;
201900023162;138 263 007;B01;0;2;0;2;7;1;0;
201900023163;138 263 003;B01;1;2;0;2;7;1;1;
201900023163;138 263 004;A01;0;7;0;2;1;9;1;
201900023164;138 263 000;A01;2;2;0;2;1;2;1;
201900023164;138 263 001;B01;2;10;0;2;5;16;1;
201900023165;138 262 998;B01;0;1;0;2;8;26;6;
201900023165;138 262 999;Z01;3;0;0;2;8;2;0;
201900023166;138 262 997;Z01;1;10;0;1;8;0;0;
201900023167;138 262 996;Z01;0;0;0;1;0;0;0;
201900023413;138 262 461;B01;2;33;0;2;1;1;1;
201900023413;138 262 462;A01;1;7;0;2;1;15;1;
201900023414;138 262 459;B01;0;2;0;2;1;1;1;
201900023414;138 262 460;A01;0;7;0;2;1;15;1;
201900023415;138 262 458;A01;1;7;0;1;1;0;0;
201900023702;138 261 850;A01;0;7;0;1;4;4;1;
201900023782;138 261 683;A01;2;32;0;2;1;1;1;
201900023782;138 261 684;B01;2;37;0;2;3;15;1;1
201900023833;138 261 576;A01;3;2;0;2;7;1;0;
201900023833;138 261 577;VB01;3;7;0;2;3;15;0;
201900023997;138 261 230;Z01;1;7;0;2;8;3;1;
201900023997;138 261 231;A01;1;7;0;2;1;15;1;
201900024124;138 260 979;A01;1;33;0;0;7;26;6;
201900024211;138 260 827;A01;1;30;0;2;7;9;1;
201900024211;138 260 828;B01;1;7;0;2;3;1;1;
201900024212;138 260 826;A01;1;7;0;1;1;15;1;
201900024524;138 260 233;A01;3;10;0;9;5;1;1;
201900024524;138 260 234;B01;3;1;0;2;1;26;5;
201900024558;138 260 159;A01;1;33;0;2;5;2;1;
201900024558;138 260 160;B01;1;7;0;2;5;2;1;
201900024559;138 260 157;B01;2;1;0;0;0;0;5;
201900024559;138 260 158;A01;1;7;0;2;2;1;1;
201900024560;138 260 155;A01;1;7;0;2;1;15;1;
201900024560;138 260 156;B01;2;1;0;2;8;1;1;
201900024684;138 259 918;B01;0;32;0;0;4;23;1;
201900024684;138 259 919;A01;1;7;0;2;3;2;1;
201900024718;138 259 844;A01;1;2;0;2;1;9;1;
201900024718;138 259 845;B01;1;7;0;2;3;1;1;
201900024719;138 259 842;B01;2;2;0;2;1;18;1;
201900024719;138 259 843;A01;2;7;0;2;7;16;1;