Num_Acc;id_vehicule;num_veh;senc;catv;obs;obsm;choc;manv;motor;occutc
201900024720;138 259 839;C01;1;7;0;0;4;2;1;
201900024720;138 259 840;B01;1;7;0;2;4;1;1;
201900024720;138 259 841;A01;1;7;0;2;1;2;1;
201900025266;138 258 820;A01;0;7;2;0;1;1;1;
201900025294;138 258 764;A01;0;30;0;2;1;11;0;
201900025294;138 258 765;B01;2;30;0;2;1;1;0;
201900025899;138 257 575;B01;1;2;0;2;8;1;0;
201900025899;138 257 576;A01;1;7;0;2;2;14;0;
201900026011;138 257 355;A01;1;10;0;2;3;9;0;
201900026011;138 257 356;B01;1;2;0;2;2;16;0;
201900026207;138 256 976;A01;2;10;0;2;2;15;1;
201900026207;138 256 977;B01;1;2;0;2;7;17;1;
201900026208;138 256 975;A01;1;7;0;1;1;1;6;
201900026209;138 256 973;B01;0;14;0;2;8;15;1;
201900026209;138 256 974;A01;1;7;0;2;1;16;1;
201900026210;138 256 971;B01;1;7;0;2;1;15;0;
201900026210;138 256 972;A01;1;32;0;2;1;1;0;
201900026211;138 256 969;B01;1;1;0;2;8;19;5;
201900026211;138 256 970;A01;1;7;0;2;1;1;1;
201900026732;138 256 032;B01;1;2;0;2;8;19;1;
201900026732;138 256 033;A01;1;7;0;2;3;1;1;
201900026733;138 256 031;A01;3;7;12;0;1;1;1;
201900027432;138 254 712;C01;2;2;0;2;1;1;6;
201900027432;138 254 713;B01;1;10;0;2;1;26;6;
201900027432;138 254 714;A01;1;7;0;2;7;26;6;
201900027804;138 254 039;A01;1;33;0;2;0;16;0;
201900027804;138 254 040;B01;1;1;0;2;8;1;5;
201900027847;138 253 953;A01;1;34;0;2;7;17;1;
201900027847;138 253 954;B01;1;7;0;2;8;15;1;
201900029294;138 251 252;B01;1;0;0;9;3;0;0;
201900029294;138 251 253;A01;1;2;0;2;1;0;0;
201900029462;138 250 888;B01;1;10;0;2;3;15;1;
201900029462;138 250 889;A01;1;2;0;2;1;1;0;
201900029463;138 250 885;A01;1;7;0;2;1;1;1;
201900029463;138 250 886;B01;1;7;0;2;4;1;1;
201900029463;138 250 887;C01;1;7;0;2;6;1;1;
201900029659;138 250 514;B01;2;7;0;2;3;1;1;
201900029659;138 250 515;A01;2;7;0;2;1;19;1;
201900029660;138 250 512;B01;1;7;0;2;8;1;1;
201900029660;138 250 513;A01;1;30;0;2;1;15;1;
201900029862;138 250 178;A01;2;7;0;2;1;13;1;
201900029862;138 250 179;B01;1;7;0;2;1;1;1;
201900029862;138 250 180;C01;1;7;0;2;1;1;1;
201900029880;138 250 146;A01;1;7;0;2;1;11;1;
201900029880;138 250 147;B01;2;7;0;2;8;1;1;
201900029880;138 250 148;C01;2;7;0;2;1;1;1;
201900029881;138 250 144;B01;2;7;0;2;1;1;6;
201900029881;138 250 145;A01;1;7;0;2;1;13;6;
201900029985;138 249 934;B01;1;33;0;2;7;1;0;
201900031189;138 247 692;A01;2;7;0;2;3;0;1;
201900031189;138 247 693;B01;1;2;0;2;1;0;1;
201900031457;138 247 222;A01;1;7;0;2;2;11;1;
201900031457;138 247 223;B01;1;30;14;2;0;0;1;
201900031737;138 246 705;A01;1;2;0;1;1;0;1;
201900031738;138 246 704;A01;2;33;0;5;1;0;1;
201900031967;138 246 269;B01;1;30;0;0;0;0;1;
201900031967;138 246 270;A01;0;1;0;0;0;0;5;
201900031969;138 246 263;A01;1;3;0;2;7;12;1;
201900031969;138 246 264;B01;1;2;0;2;8;1;1;
201900032052;138 246 081;B01;1;7;0;6;4;15;0;
201900032052;138 246 083;A01;1;2;0;2;1;2;0;
201900032165;138 245 875;B01;1;2;0;2;7;1;1;
201900032165;138 245 876;A01;1;7;0;2;1;9;1;
201900032169;138 245 865;B01;1;7;0;2;3;21;1;
201900032169;138 245 867;A01;1;1;0;2;8;19;5;
201900032171;138 245 863;A01;0;2;0;0;1;1;1;
201900032379;138 245 434;A01;1;7;0;1;2;1;1;
201900032380;138 245 432;B01;0;7;0;2;2;15;1;
201900032380;138 245 433;A01;1;31;0;2;8;1;1;
201900033125;138 243 972;A01;1;7;0;2;1;1;0;
201900033125;138 243 973;B01;2;7;0;2;1;5;0;
201900033126;138 243 970;A01;2;10;0;9;2;2;1;
201900033126;138 243 971;B01;2;1;0;0;0;2;5;
201900033165;138 243 896;A01;1;7;0;9;1;19;0;
201900033165;138 243 897;B01;2;2;0;2;4;1;0;
201900033239;138 243 766;B01;0;31;0;2;6;9;6;
201900033239;138 243 767;A01;0;7;0;2;2;9;6;
201900034076;138 242 151;A01;1;7;0;1;2;2;1;
201900034152;138 242 002;A01;1;7;0;2;8;9;1;
201900034152;138 242 003;B01;1;2;0;2;1;1;1;
201900034339;138 241 649;B01;2;7;0;2;1;1;1;
201900034339;138 241 650;A01;1;2;0;2;7;15;1;
201900034341;138 241 647;A01;2;7;0;0;0;1;1;
201900034377;138 241 578;A01;1;14;0;1;1;1;6;
201900034378;138 241 576;B01;1;7;0;2;7;1;1;
201900034378;138 241 577;A01;0;2;0;2;1;1;1;
201900034744;138 240 874;C01;0;7;0;2;1;5;1;
201900034744;138 240 875;B01;0;7;0;2;1;1;1;
201900034975;138 240 389;A01;0;7;0;2;3;1;1;
201900034975;138 240 390;B01;0;2;0;0;1;1;1;
201900035350;138 239 670;A01;1;30;0;2;1;17;1;
201900035350;138 239 671;B01;1;7;0;2;8;15;1;
201900035351;138 239 668;A01;1;7;0;2;1;9;1;
201900035351;138 239 669;B01;1;1;0;2;7;19;5;
201900035596;138 239 187;A01;2;2;2;0;1;1;1;
201900035628;138 239 125;A01;1;30;3;0;8;13;1;
201900035664;138 239 048;B01;2;2;0;2;7;17;0;
201900035664;138 239 049;A01;0;7;0;2;8;15;1;
201900035665;138 239 046;A01;0;7;0;2;1;19;1;
201900035665;138 239 047;B01;0;7;0;2;1;19;1;
201900035666;138 239 044;B01;1;2;0;2;1;17;1;
201900035666;138 239 045;A01;1;7;0;2;8;15;1;
201900035667;138 239 043;A01;1;30;0;1;1;1;1;
201900035668;138 239 041;A01;0;30;0;2;1;19;0;
201900035668;138 239 042;B01;1;7;0;2;3;1;0;
201900035669;138 239 037;A01;1;7;0;2;5;1;1;
201900035669;138 239 038;B01;1;7;0;2;1;1;1;
201900036086;138 238 281;A01;2;10;0;1;1;1;1;
201900036335;138 237 818;B01;1;7;0;2;2;21;0;
201900036335;138 237 819;A01;1;7;0;0;2;11;0;
201900036684;138 237 143;A01;1;10;0;1;1;1;0;
201900036685;138 237 141;B01;1;30;0;2;3;1;0;
201900036685;138 237 142;Z01;1;7;0;2;7;16;0;
201900036686;138 237 139;A01;1;7;0;2;7;16;1;
201900036686;138 237 140;B01;1;33;0;2;3;1;0;
201900037000;138 236 511;A01;2;7;0;2;2;5;1;
201900037000;138 236 512;B01;1;7;0;2;2;0;1;
201900037261;138 236 009;A01;1;3;0;2;1;11;1;
201900037261;138 236 010;B01;1;2;0;2;8;1;1;
201900037269;138 235 995;A01;0;30;0;2;1;19;1;
201900037269;138 236 001;B01;0;7;0;2;1;1;1;
201900037681;138 235 176;A01;2;1;0;2;1;1;5;
201900037681;138 235 177;B01;2;1;0;2;4;1;5;
201900037762;138 235 016;A01;2;7;0;2;3;15;1;
201900037762;138 235 017;B01;2;2;0;2;7;3;1;
201900037763;138 235 014;A01;1;2;0;2;1;1;0;
201900037763;138 235 015;B01;1;3;0;2;6;1;0;
201900037764;138 235 012;B01;0;30;0;2;1;1;1;
201900037764;138 235 013;A01;3;30;0;2;1;11;0;
201900039058;138 232 671;B01;2;7;0;9;7;9;1;
201900039058;138 232 672;A01;1;33;0;2;1;3;1;
201900040325;138 230 329;B01;2;7;0;2;1;17;0;
201900040325;138 230 330;A01;2;7;0;2;3;15;0;
201900040326;138 230 327;A01;1;7;0;2;1;1;6;
201900040326;138 230 328;B01;1;2;0;2;4;9;6;
201900040550;138 229 923;A01;2;7;0;2;3;17;1;
201900040550;138 229 924;B01;1;7;0;2;3;1;1;
201900040550;138 229 925;C01;2;7;0;2;8;1;1;
201900040550;138 229 926;D01;2;7;0;2;6;1;1;
201900040665;138 229 691;B01;2;2;0;2;1;1;1;
201900040665;138 229 692;A01;1;7;1;2;2;1;1;
201900041426;138 228 300;A01;0;2;0;1;1;0;0;
201900041727;138 227 759;A01;2;7;0;1;2;0;1;
201900041728;138 227 758;A01;2;7;0;0;9;1;1;
201900041729;138 227 756;A01;1;7;0;2;1;2;1;
201900041729;138 227 757;B01;1;2;0;2;0;0;1;
201900042214;138 226 785;B01;1;7;0;2;6;2;1;
201900042214;138 226 786;A01;1;2;0;2;1;2;1;
201900042215;138 226 783;A01;1;7;0;2;8;15;1;
201900042215;138 226 784;B01;1;2;0;2;1;1;1;
201900042216;138 226 781;A01;2;32;0;2;1;1;1;
201900042216;138 226 782;B01;1;7;0;2;8;15;1;
201900042217;138 226 777;B01;2;7;0;2;7;16;1;
201900042217;138 226 778;A01;1;1;0;2;1;5;6;
201900042218;138 226 775;A01;1;7;0;2;1;15;1;
201900042218;138 226 776;B01;1;2;0;2;7;1;0;
201900042219;138 226 773;A01;1;7;0;2;2;19;1;
201900042219;138 226 774;B01;1;2;0;2;8;1;1;
201900042220;138 226 772;D01;1;37;0;1;2;9;6;0
201900042276;138 226 653;B01;2;30;0;2;1;1;6;
201900042276;138 226 654;A01;1;7;0;2;7;15;6;
201900042277;138 226 651;A01;1;7;0;2;3;16;1;
201900042277;138 226 652;B01;1;2;0;2;1;1;1;
201900042278;138 226 650;A01;0;0;0;1;0;0;0;
201900042501;138 226 229;B01;1;2;0;2;1;5;1;
201900042501;138 226 230;A01;2;2;0;2;1;5;1;
201900042510;138 226 213;A01;1;2;0;0;8;1;1;
201900042511;138 226 211;B01;2;1;0;2;8;1;5;
201900042511;138 226 212;A01;2;7;0;9;2;17;1;
201900042540;138 226 156;B01;2;7;0;2;1;1;1;
201900042540;138 226 157;A01;1;7;0;2;1;13;1;
201900042701;138 225 836;B01;1;33;0;2;1;17;1;
201900042701;138 225 837;A01;1;7;0;2;8;15;1;
201900042960;138 225 350;A01;1;7;0;1;2;1;1;
201900043165;138 224 991;A01;1;37;0;1;1;1;1;1
201900043169;138 224 982;B01;3;2;0;2;1;1;1;
201900043169;138 224 983;A01;3;2;12;0;8;1;1;
201900043279;138 224 775;A01;2;2;0;2;1;18;1;
201900043279;138 224 776;B01;1;7;0;2;7;15;1;
201900043280;138 224 774;A01;0;10;14;1;0;1;1;
201900043427;138 224 506;B01;2;7;0;2;1;1;1;
201900043427;138 224 507;A01;1;7;0;2;1;13;1;
201900043895;138 223 661;A01;1;33;0;1;1;1;1;
201900043896;138 223 657;A01;1;7;0;2;1;9;0;
201900043896;138 223 658;B01;1;2;0;2;1;17;1;
201900044218;138 223 014;B01;0;33;0;2;1;0;1;
201900044218;138 223 016;A01;0;7;0;2;3;0;1;
201900044312;138 222 818;A01;1;33;0;2;1;15;1;
201900044312;138 222 820;B01;2;7;0;2;1;23;0;
201900044313;138 222 816;A01;1;3;0;1;1;1;1;
201900044493;138 222 474;A01;3;7;9;0;1;1;1;
201900044494;138 222 472;A01;3;7;0;9;2;15;1;
201900044494;138 222 473;B01;3;1;0;2;5;1;5;
201900044533;138 222 386;A01;1;30;16;0;0;1;1;
201900044534;138 222 384;B01;2;1;0;2;7;1;5;
201900044534;138 222 385;A01;2;10;0;2;3;1;1;
201900044535;138 222 380;A01;1;7;0;2;3;0;0;
201900044535;138 222 381;B01;2;7;0;2;6;0;0;
201900044824;138 221 825;A01;2;10;13;0;2;1;1;
201900044825;138 221 824;A01;0;30;8;0;0;0;0;
201900044826;138 221 822;A01;2;7;0;2;1;17;1;
201900044826;138 221 823;B01;2;7;0;2;4;15;1;
201900044827;138 221 819;C01;1;7;0;2;6;2;1;
201900044827;138 221 820;B01;1;7;0;2;1;2;1;
201900044827;138 221 821;A01;2;7;0;2;1;13;1;
201900045063;138 221 367;A01;0;30;0;1;1;2;6;
201900045164;138 221 168;A01;1;10;0;1;7;1;0;
201900045414;138 220 697;A01;1;7;0;1;2;1;1;
201900045898;138 219 751;A01;0;33;14;0;7;1;1;
201900045956;138 219 648;B01;1;7;0;2;4;2;6;
201900045956;138 219 649;A01;1;7;0;2;1;2;6;
201900045957;138 219 647;A01;1;7;0;1;0;1;6;
201900045958;138 219 645;C01;0;7;0;0;0;1; -1;
201900045958;138 219 646;A01;1;7;0;6;1;17;0;
201900046814;138 218 004;A01;3;7;0;2;1;1;1;
201900046814;138 218 005;B01;3;1;0;2;1;1;5;
201900046839;138 217 949;B01;2;7;0;2;2;0;1;
201900046839;138 217 950;A01;0;7;0;2;1;9;1;
201900047105;138 217 447;A01;2;7;0;9;1;0;0;
201900047105;138 217 448;B01;1;1;0;2;1;0;5;
201900047106;138 217 445;B01;2;2;0;2;1;11;1;
201900047106;138 217 446;A01;2;7;0;2;2;1;1;
201900048393;138 215 070;A01;3;2;0;2;6;9;1;
201900048393;138 215 071;Z01;3;3;0;2;1;1;0;
201900048394;138 215 068;B01;1;7;0;2;2;1;1;
201900048394;138 215 069;A01;3;7;0;2;8;19;1;
201900048395;138 215 066;B01;2;7;0;2;8;1;1;
201900048395;138 215 067;A01;1;7;0;2;3;13;1;
201900048868;138 214 211;A01;1;7;16;1;1;2;1;
201900049156;138 213 672;A01;1;7;0;1;1;1;0;
201900049552;138 212 949;A01;2;33;0;2;8;1;1;
201900049552;138 212 950;B01;1;99;0;2;8;14;1;
201900049715;138 212 632;B01;2;7;0;2;2;16;0;
201900049715;138 212 633;C01;1;10;0;2;3;26;6;
201900049715;138 212 634;A01;1;2;0;2;1;1;0;
201900049855;138 212 370;B01;2;2;0;0;4;13;1;
201900049855;138 212 372;A01;2;10;0;2;3;1;1;
201900050003;138 212 111;B01;0;7;0;2;1;1;1;
201900050003;138 212 112;A01;0;7;0;2;1;13;1;
201900050017;138 212 083;B01;1;7;0;2;1;15;1;
201900050017;138 212 084;A01;2;2;0;2;1;1;1;
201900050054;138 212 016;A01;2;7;0;2;6;17;1;
201900050054;138 212 017;B01;1;7;0;2;3;1;1;
201900050546;138 211 095;A01;1;7;1;0;5;13;0;
201900050546;138 211 096;B01;2;7;0;2;1;24;0;
201900050548;138 211 090;A01;1;7;0;2;2;19;1;
201900050548;138 211 091;B01;1;7;0;2;1;1;1;
201900050549;138 211 089;B01;2;33;0;2;1;1;0;
201900050549;138 211 092;A01;1;7;0;2;3;15;0;
201900050720;138 210 779;A01;2;7;0;0;0;0;1;
201900050723;138 210 775;B01;2;1;0;2;7;15;5;
201900050723;138 210 776;A01;1;7;0;2;1;1;1;
201900050725;138 210 768;C01;2;7;0;2;3;1;1;
201900050725;138 210 769;B01;2;7;0;2;2;1;1;
201900050725;138 210 770;A01;1;7;0;2;1;13;1;
201900051011;138 210 265;B01;1;7;0;0;5;2;1;
201900051011;138 210 266;A01;1;1;0;2;1;1;5;
201900051012;138 210 264;A01;1;7;0;1;3;1;1;
201900051059;138 210 177;B01;0;7;0;9;6;20;6;
201900051059;138 210 178;A01;0;7;1;0;1;1;6;
201900051060;138 210 175;A01;1;7;0;2;8;15;6;
201900051060;138 210 176;B01;1;33;0;2;1;1;6;
201900051061;138 210 174;A01;1;7;8;2;1;12;1;
201900051669;138 208 973;B01;1;1;0;2;3;15;5;
201900051669;138 208 974;A01;1;7;0;9;2;1;1;
201900051769;138 208 779;A01;1;7;0;2;5;16;1;
201900051769;138 208 781;B01;1;2;0;2;8;1;1;
201900051859;138 208 619;B01;3;1;0;2;7;15;5;
201900051859;138 208 620;A01;3;7;0;9;1;1;1;
201900051904;138 208 537;A01;1;2;0;2;1;17;1;
201900051904;138 208 538;B01;1;7;0;2;8;15;1;
201900051905;138 208 536;A01;2;1;16;0;7;21;5;
201900052214;138 207 924;A01;1;2;0;2;1;2;1;
201900052214;138 207 925;B01;1;7;0;2;6;2;1;
201900052274;138 207 807;B01;1;7;0;2;6;2;0;
201900052274;138 207 808;A01;1;7;0;2;2;16;0;
201900052276;138 207 801;B01;1;7;0;1;1;1;6;
201900052687;138 206 975;A01;3;7;0;1;4;4;0;
201900053182;138 206 035;B01;1;1;0;2;5;5;5;
201900053182;138 206 036;A01;1;7;0;9;2;0;1;
201900053204;138 205 991;A01;2;7;0;1;4;26;1;
201900053205;138 205 989;B01;2;1;0;0;0;0;0;
201900053205;138 205 990;A01;2;7;0;6;5;1;1;
201900053307;138 205 813;A01;3;7;9;2;1;1;0;
201900053307;138 205 814;B01;3;2;0;2;1;1;0;
201900053400;138 205 641;B01;1;2;0;2;1;2;1;
201900053400;138 205 642;A01;1;7;0;2;4;1;0;
201900053401;138 205 637;A01;2;7;0;2;3;15;0;
201900053401;138 205 638;B01;2;2;0;2;1;17;0;
201900053402;138 205 635;A01;0;31;0;2;1;1;1;
201900053402;138 205 636;B01;0;7;0;2;8;20;1;
201900053409;138 205 634;A01;1;30;0;0;7;1;1;
201900053636;138 205 190;Z01;0;2;0;1;0;1;1;
201900053637;138 205 179;A01;1;30;0;1;1;5;1;
201900054171;138 204 176;A01;2;10;0;1;2;13;1;
201900054344;138 203 869;A01;0;2;0;0;0;0;0;
201900054344;138 203 870;B01;3;7;0;2;1;0;1;
201900054582;138 203 459;A01;3;2;0;0;2;0;1;
201900054583;138 203 457;A01;1;2;0;2;1;2;1;
201900054583;138 203 458;B01;1;7;0;0;4;2;1;
201900054584;138 203 455;B01;0;1;0;2;3;19;5;
201900054584;138 203 456;A01;0;7;0;9;2;1;1;
201900054902;138 202 842;A01;0;7;0;2;1;9;0;
201900054902;138 202 843;B01;3;1;0;2;7;9;5;
201900055344;138 202 013;A01;1;7;0;0;0;9;1;
201900055482;138 201 773;A01;3;2;0;0;0;0;1;
201900055747;138 201 311;B01;3;2;0;2;1;17;1;
201900055747;138 201 312;A01;3;2;0;2;1;1;1;
201900055770;138 201 262;A01;2;7;0;2;1;13;0;
201900055770;138 201 263;B01;1;7;0;2;3;1;0;
201900055919;138 200 949;B01;1;7;0;0;0;0;1;
201900055919;138 200 950;A01;1;33;0;2;1;17;1;
201900056444;138 200 008;B01;2;7;0;2;1;1;1;
201900056444;138 200 009;A01;1;7;0;2;1;13;1;
201900056447;138 200 001;A01;1;30;0;2;1;1;0;
201900056447;138 200 003;B01;1;7;0;2;4;1;0;
201900056449;138 199 999;A01;1;7;6;0;1;1;1;
201900056450;138 199 996;A01;1;7;14;1;1;1;1;
201900056451;138 199 990;A01;1;15;0;0;8;20;1;
201900056451;138 199 991;B01;2;7;0;9;3;1;1;
201900056451;138 199 992;C01;2;7;0;9;3;1;1;
201900056451;138 199 993;D01;2;7;14;0;2;1;1;
201900056452;138 199 988;B01;2;1;0;2;8;1;5;
201900056452;138 199 989;A01;2;7;0;9;7;17;1;
201900056550;138 199 817;A01;1;7;0;2;3;13;1;
201900056550;138 199 820;B01;2;7;0;2;1;1;1;
201900056550;138 199 821;C01;2;7;0;2;1;1;1;
201900057000;138 198 978;A01;2;7;0;2;1;15;1;
201900057000;138 198 979;B01;1;2;0;2;8;0;1;
201900057153;138 198 693;B01;3;2;0;2;1;0;1;
201900057153;138 198 695;A01;3;1;0;2;1;0;5;
201900057164;138 198 675;A01;1;7;0;2;7;14;1;
201900057164;138 198 676;B01;1;1;0;2;8;1;5;
201900057252;138 198 511;B01;0;7;0;2;7;19;0;
201900057252;138 198 512;A01;3;7;0;2;1;1;0;
201900057253;138 198 510;A01;0;2;0;1;1;0;0;
201900057254;138 198 509;A01;2;7;0;0;1;0;1;
201900058058;138 197 040;B01;2;30;0;2;1;1;1;
201900058058;138 197 041;A01;2;7;0;2;2;15;1;
201900058061;138 197 031;B01;2;2;0;2;5;1;0;
201900058061;138 197 033;A01;1;7;0;2;5;15;0;
201900058068;138 197 026;A01;0;7;0;1;3;26;6;
201900058204;138 196 787;C01;1;7;0;2;1;1;1;
201900058204;138 196 788;B01;1;7;0;2;1;1;1;
201900058204;138 196 790;A01;1;7;0;2;4;1;1;
201900058209;138 196 783;A01;1;30;12;0;1;1;1;
201900058232;138 196 751;B01;1;2;0;0;4;23;1;
201900058232;138 196 779;A01;1;7;0;2;2;1;1;
201900058819;138 195 667;B01;1;1;0;0;4;2;5;
201900058819;138 195 668;A01;1;7;0;2;1;2;1;